game_id,status,reason,processed_at_utc
0022500420,DONE,success,2025-12-25T02:27:31.843007+00:00
0022500418,DONE,success,2025-12-25T02:27:37.154769+00:00
0022500417,DONE,success,2025-12-25T02:27:42.023707+00:00
0022500415,DONE,success,2025-12-25T02:27:47.751458+00:00
0022500414,DONE,success,2025-12-25T02:27:52.704435+00:00
0022500410,DONE,success,2025-12-25T02:27:57.620682+00:00
0022500411,DONE,success,2025-12-25T02:28:03.029274+00:00
0022500416,DONE,success,2025-12-25T02:28:08.643120+00:00
0022500413,DONE,success,2025-12-25T02:28:13.939790+00:00
0022500421,DONE,success,2025-12-25T02:28:20.488739+00:00
0022500409,DONE,success,2025-12-25T02:28:25.496011+00:00
0022500419,DONE,success,2025-12-25T02:28:30.283373+00:00
0022500422,DONE,success,2025-12-25T02:28:35.366253+00:00
0022500412,DONE,success,2025-12-25T02:28:40.276076+00:00
0022500406,DONE,success,2025-12-25T02:28:45.191294+00:00
0022500408,DONE,success,2025-12-25T02:28:50.449775+00:00
0022500402,DONE,success,2025-12-25T02:28:55.937572+00:00
0022500407,DONE,success,2025-12-25T02:29:00.942613+00:00
0022500405,DONE,success,2025-12-25T02:29:05.555216+00:00
0022500403,DONE,success,2025-12-25T02:29:11.164458+00:00
0022500404,DONE,success,2025-12-25T02:29:15.557981+00:00
0022500396,DONE,success,2025-12-25T02:29:20.524356+00:00
0022500400,DONE,success,2025-12-25T02:29:25.658147+00:00
0022500401,DONE,success,2025-12-25T02:29:31.125890+00:00
0022500397,DONE,success,2025-12-25T02:29:36.079834+00:00
0022500398,DONE,success,2025-12-25T02:29:41.356214+00:00
0022500399,DONE,success,2025-12-25T02:29:46.072691+00:00
0022500395,DONE,success,2025-12-25T02:29:51.178598+00:00
0022500388,DONE,success,2025-12-25T02:29:55.686132+00:00
0022500390,DONE,success,2025-12-25T02:30:00.559050+00:00
0022500387,DONE,success,2025-12-25T02:30:06.283842+00:00
0022500386,DONE,success,2025-12-25T02:30:11.016510+00:00
0022500391,DONE,success,2025-12-25T02:30:16.147179+00:00
0022500393,DONE,success,2025-12-25T02:30:21.203298+00:00
0022500394,DONE,success,2025-12-25T02:30:26.489170+00:00
0022500392,DONE,success,2025-12-25T02:30:31.651022+00:00
0022500389,DONE,success,2025-12-25T02:30:37.316586+00:00
0022500381,DONE,success,2025-12-25T02:30:42.043911+00:00
0022500385,DONE,success,2025-12-25T02:30:47.459722+00:00
0022500382,DONE,success,2025-12-25T02:30:53.073205+00:00
0022500383,DONE,success,2025-12-25T02:30:58.123771+00:00
0022500384,DONE,success,2025-12-25T02:31:03.616511+00:00
0022500380,DONE,success,2025-12-25T02:31:09.224096+00:00
0022500372,DONE,success,2025-12-25T02:31:13.782242+00:00
0022500370,DONE,success,2025-12-25T02:31:18.615633+00:00
0022500378,DONE,success,2025-12-25T02:31:23.871133+00:00
0022500377,DONE,success,2025-12-25T02:31:28.981939+00:00
0022500371,DONE,success,2025-12-25T02:31:33.781538+00:00
0022500376,DONE,success,2025-12-25T02:31:39.206916+00:00
0022500374,DONE,success,2025-12-25T02:31:45.351565+00:00
0022500375,DONE,success,2025-12-25T02:31:50.360593+00:00
0022500379,DONE,success,2025-12-25T02:31:56.547013+00:00
0022500373,DONE,success,2025-12-25T02:32:00.925167+00:00
0022500369,DONE,success,2025-12-25T02:32:05.819754+00:00
0022500367,DONE,success,2025-12-25T02:32:10.299738+00:00
0022500368,DONE,success,2025-12-25T02:32:15.552197+00:00
0022501226,SKIP_MEDIUM,SKIP_MEDIUM,2025-12-25T02:32:20.359236+00:00
0022501225,DONE,success,2025-12-25T02:32:25.385760+00:00
0022501227,DONE,success,2025-12-25T02:32:30.961449+00:00
0022501224,DONE,success,2025-12-25T02:32:36.437814+00:00
0022501222,DONE,success,2025-12-25T02:32:41.316399+00:00
0022501219,DONE,success,2025-12-25T02:32:46.595384+00:00
0022501216,DONE,success,2025-12-25T02:32:51.749642+00:00
0022501221,DONE,success,2025-12-25T02:32:56.644346+00:00
0022501217,DONE,success,2025-12-25T02:33:01.685157+00:00
0022501218,DONE,success,2025-12-25T02:33:08.585150+00:00
0022501223,DONE,success,2025-12-25T02:33:13.512744+00:00
0022501220,DONE,success,2025-12-25T02:33:17.906429+00:00
0022501228,DONE,success,2025-12-25T02:33:22.881870+00:00
0022501230,ERROR,no_linescore,2025-12-25T02:33:26.581910+00:00
0022501229,ERROR,no_linescore,2025-12-25T02:33:29.337200+00:00
0022501215,DONE,success,2025-12-25T02:33:35.472958+00:00
0022501211,DONE,success,2025-12-25T02:33:40.597636+00:00
0022501212,DONE,success,2025-12-25T02:33:46.958898+00:00
0022501210,DONE,success,2025-12-25T02:33:54.070394+00:00
0022501213,DONE,success,2025-12-25T02:33:59.097382+00:00
0022501209,DONE,success,2025-12-25T02:34:04.529142+00:00
0022501214,DONE,success,2025-12-25T02:34:09.800961+00:00
0022501205,DONE,success,2025-12-25T02:34:14.978686+00:00
0022501207,DONE,success,2025-12-25T02:34:21.889638+00:00
0022501208,DONE,success,2025-12-25T02:34:26.777528+00:00
0022501206,DONE,success,2025-12-25T02:34:32.483591+00:00
0022501204,ERROR,no_linescore,2025-12-25T02:34:34.587068+00:00
0022501203,ERROR,no_linescore,2025-12-25T02:34:36.891196+00:00
0022501202,ERROR,no_linescore,2025-12-25T02:34:39.149641+00:00
0022501201,ERROR,no_linescore,2025-12-25T02:34:41.484651+00:00
0022500364,DONE,success,2025-12-25T02:34:46.158171+00:00
0022500365,DONE,success,2025-12-25T02:34:51.208388+00:00
0022500366,DONE,success,2025-12-25T02:34:56.246467+00:00
0022500358,DONE,success,2025-12-25T02:35:00.719002+00:00
0022500361,DONE,success,2025-12-25T02:35:05.915185+00:00
0022500359,DONE,success,2025-12-25T02:35:10.775185+00:00
0022500363,DONE,success,2025-12-25T02:35:14.984137+00:00
0022500362,DONE,success,2025-12-25T02:35:19.896102+00:00
0022500360,DONE,success,2025-12-25T02:35:25.413918+00:00
0022500357,DONE,success,2025-12-25T02:35:30.514867+00:00
0022500350,DONE,success,2025-12-25T02:35:35.150534+00:00
0022500356,DONE,success,2025-12-25T02:35:39.314815+00:00
0022500351,DONE,success,2025-12-25T02:35:44.687512+00:00
0022500354,DONE,success,2025-12-25T02:35:49.695015+00:00
0022500352,DONE,success,2025-12-25T02:35:55.290593+00:00
0022500355,DONE,success,2025-12-25T02:36:00.387150+00:00
0022500353,DONE,success,2025-12-25T02:36:05.656439+00:00
0022500345,DONE,success,2025-12-25T02:36:10.275473+00:00
0022500339,DONE,success,2025-12-25T02:36:15.120309+00:00
0022500343,DONE,success,2025-12-25T02:36:20.207812+00:00
0022500348,DONE,success,2025-12-25T02:36:25.006497+00:00
0022500347,DONE,success,2025-12-25T02:36:30.402725+00:00
0022500346,DONE,success,2025-12-25T02:36:36.090415+00:00
0022500349,DONE,success,2025-12-25T02:36:41.693901+00:00
0022500341,DONE,success,2025-12-25T02:36:46.546587+00:00
0022500338,DONE,success,2025-12-25T02:36:51.896736+00:00
0022500344,DONE,success,2025-12-25T02:36:56.429447+00:00
0022500340,DONE,success,2025-12-25T02:37:01.530829+00:00
0022500342,DONE,success,2025-12-25T02:37:06.681549+00:00
0022500335,DONE,success,2025-12-25T02:37:11.699239+00:00
0022500334,DONE,success,2025-12-25T02:37:16.371678+00:00
0022500333,DONE,success,2025-12-25T02:37:22.152038+00:00
0022500337,DONE,success,2025-12-25T02:37:27.056184+00:00
0022500336,DONE,success,2025-12-25T02:37:32.082226+00:00
0022500326,DONE,success,2025-12-25T02:37:37.202377+00:00
0022500327,DONE,success,2025-12-25T02:37:42.736627+00:00
0022500324,DONE,success,2025-12-25T02:37:47.405532+00:00
0022500325,DONE,success,2025-12-25T02:37:52.253102+00:00
0022500328,DONE,success,2025-12-25T02:37:57.489982+00:00
0022500331,DONE,success,2025-12-25T02:38:02.713150+00:00
0022500330,DONE,success,2025-12-25T02:38:08.242809+00:00
0022500332,DONE,success,2025-12-25T02:38:12.664288+00:00
0022500329,DONE,success,2025-12-25T02:38:18.113942+00:00
0022500318,DONE,success,2025-12-25T02:38:22.795357+00:00
0022500321,DONE,success,2025-12-25T02:38:28.081983+00:00
0022500322,DONE,success,2025-12-25T02:38:32.881201+00:00
0022500323,DONE,success,2025-12-25T02:38:38.156605+00:00
0022500320,DONE,success,2025-12-25T02:38:43.233656+00:00
0022500319,DONE,success,2025-12-25T02:38:48.258397+00:00
0022500314,DONE,success,2025-12-25T02:38:53.024125+00:00
0022500312,DONE,success,2025-12-25T02:38:57.509807+00:00
0022500317,DONE,success,2025-12-25T02:39:02.619989+00:00
0022500316,DONE,success,2025-12-25T02:39:07.579026+00:00
0022500311,DONE,success,2025-12-25T02:39:12.633739+00:00
0022500315,DONE,success,2025-12-25T02:39:17.256863+00:00
0022500313,DONE,success,2025-12-25T02:39:22.833083+00:00
0022500309,DONE,success,2025-12-25T02:39:27.816034+00:00
0022500310,DONE,success,2025-12-25T02:39:32.770360+00:00
0022500303,DONE,success,2025-12-25T02:39:37.757422+00:00
0022500304,DONE,success,2025-12-25T02:39:42.553811+00:00
0022500307,DONE,success,2025-12-25T02:39:47.872092+00:00
0022500308,DONE,success,2025-12-25T02:39:53.413357+00:00
0022500301,DONE,success,2025-12-25T02:39:58.528479+00:00
0022500305,DONE,success,2025-12-25T02:40:03.906249+00:00
0022500306,DONE,success,2025-12-25T02:40:09.352785+00:00
0022500302,DONE,success,2025-12-25T02:40:14.769623+00:00
0022500298,DONE,success,2025-12-25T02:40:19.884354+00:00
0022500296,DONE,success,2025-12-25T02:40:28.550727+00:00
0022500299,DONE,success,2025-12-25T02:40:33.952196+00:00
0022500297,DONE,success,2025-12-25T02:40:39.513320+00:00
0022500294,DONE,success,2025-12-25T02:40:45.139117+00:00
0022500295,DONE,success,2025-12-25T02:40:50.817527+00:00
0022500293,DONE,success,2025-12-25T02:40:56.791873+00:00
0022500300,DONE,success,2025-12-25T02:41:01.255384+00:00
0022500069,DONE,success,2025-12-25T02:41:06.521118+00:00
0022500076,DONE,success,2025-12-25T02:41:12.361218+00:00
0022500078,DONE,success,2025-12-25T02:41:17.183323+00:00
0022500077,DONE,success,2025-12-25T02:41:22.342352+00:00
0022500079,DONE,success,2025-12-25T02:41:27.667516+00:00
0022500075,DONE,success,2025-12-25T02:41:32.820844+00:00
0022500071,DONE,success,2025-12-25T02:41:37.905943+00:00
0022500074,DONE,success,2025-12-25T02:41:43.053427+00:00
0022500072,DONE,success,2025-12-25T02:41:47.840554+00:00
0022500070,DONE,success,2025-12-25T02:41:53.067642+00:00
0022500073,DONE,success,2025-12-25T02:41:58.016925+00:00
0022500060,DONE,success,2025-12-25T02:42:03.208295+00:00
0022500065,DONE,success,2025-12-25T02:42:07.897346+00:00
0022500068,DONE,success,2025-12-25T02:42:12.561080+00:00
0022500066,DONE,success,2025-12-25T02:42:17.880382+00:00
0022500063,DONE,success,2025-12-25T02:42:22.924173+00:00
0022500061,DONE,success,2025-12-25T02:42:28.479257+00:00
0022500067,DONE,success,2025-12-25T02:42:33.643580+00:00
0022500062,DONE,success,2025-12-25T02:42:38.171561+00:00
0022500064,DONE,success,2025-12-25T02:42:42.700571+00:00
0022500058,DONE,success,2025-12-25T02:42:48.022709+00:00
0022500059,DONE,success,2025-12-25T02:42:53.579263+00:00
0022500057,DONE,success,2025-12-25T02:42:59.089062+00:00
0022500284,DONE,success,2025-12-25T02:43:04.577325+00:00
0022500288,DONE,success,2025-12-25T02:43:09.318464+00:00
0022500289,DONE,success,2025-12-25T02:43:14.352207+00:00
0022500286,DONE,success,2025-12-25T02:43:19.101173+00:00
0022500290,DONE,success,2025-12-25T02:43:24.908529+00:00
0022500287,DONE,success,2025-12-25T02:46:56.459589+00:00
0022500291,DONE,success,2025-12-25T02:47:01.736784+00:00
0022500285,DONE,success,2025-12-25T02:47:06.916150+00:00
0022500283,DONE,success,2025-12-25T02:47:12.018833+00:00
0022500292,DONE,success,2025-12-25T02:47:17.410552+00:00
0022500275,DONE,success,2025-12-25T02:47:22.179964+00:00
0022500281,DONE,success,2025-12-25T02:47:26.960498+00:00
0022500279,DONE,success,2025-12-25T02:47:32.176249+00:00
0022500282,DONE,success,2025-12-25T02:47:37.474943+00:00
0022500280,DONE,success,2025-12-25T02:47:42.900599+00:00
0022500276,DONE,success,2025-12-25T02:47:47.406712+00:00
0022500277,DONE,success,2025-12-25T02:47:52.315657+00:00
0022500278,DONE,success,2025-12-25T02:47:57.695082+00:00
0022500268,DONE,success,2025-12-25T02:48:06.800753+00:00
0022500271,DONE,success,2025-12-25T02:48:11.547106+00:00
0022500270,DONE,success,2025-12-25T02:48:17.303754+00:00
0022500273,DONE,success,2025-12-25T02:48:24.723048+00:00
0022500272,DONE,success,2025-12-25T02:48:30.803872+00:00
0022500269,DONE,success,2025-12-25T02:48:36.390699+00:00
0022500274,DONE,success,2025-12-25T02:48:41.643294+00:00
0022500056,DONE,success,2025-12-25T02:48:46.867101+00:00
0022500049,DONE,success,2025-12-25T02:48:51.345323+00:00
0022500055,DONE,success,2025-12-25T02:48:57.383916+00:00
0022500050,DONE,success,2025-12-25T02:49:02.521662+00:00
0022500052,DONE,success,2025-12-25T02:49:07.628157+00:00
0022500048,DONE,success,2025-12-25T02:49:12.743066+00:00
0022500053,DONE,success,2025-12-25T02:49:18.998207+00:00
0022500054,DONE,success,2025-12-25T02:49:26.951311+00:00
0022500051,DONE,success,2025-12-25T02:49:32.329099+00:00
0022500265,DONE,success,2025-12-25T02:49:37.015638+00:00
0022500266,DONE,success,2025-12-25T02:49:43.289554+00:00
0022500264,DONE,success,2025-12-25T02:49:48.874915+00:00
0022500267,DONE,success,2025-12-25T02:49:55.025675+00:00
0022500256,DONE,success,2025-12-25T02:50:00.519136+00:00
0022500260,DONE,success,2025-12-25T02:50:05.410202+00:00
0022500257,DONE,success,2025-12-25T02:50:11.435642+00:00
0022500255,DONE,success,2025-12-25T02:50:18.787121+00:00
0022500262,DONE,success,2025-12-25T02:50:23.564401+00:00
0022500258,DONE,success,2025-12-25T02:50:29.007479+00:00
0022500259,DONE,success,2025-12-25T02:50:36.113086+00:00
0022500261,DONE,success,2025-12-25T02:50:41.377058+00:00
0022500263,DONE,success,2025-12-25T02:50:48.101461+00:00
0022500249,DONE,success,2025-12-25T02:50:52.831361+00:00
0022500251,DONE,success,2025-12-25T02:50:57.919675+00:00
0022500250,DONE,success,2025-12-25T02:51:03.268956+00:00
0022500252,DONE,success,2025-12-25T02:51:09.340429+00:00
0022500254,DONE,success,2025-12-25T02:51:17.156865+00:00
0022500253,DONE,success,2025-12-25T02:51:21.568824+00:00
0022500241,DONE,success,2025-12-25T02:51:27.986176+00:00
0022500245,DONE,success,2025-12-25T02:51:32.687079+00:00
0022500247,DONE,success,2025-12-25T02:51:38.261636+00:00
0022500248,DONE,success,2025-12-25T02:51:44.171353+00:00
0022500246,DONE,success,2025-12-25T02:51:48.614322+00:00
0022500244,DONE,success,2025-12-25T02:51:55.116718+00:00
0022500243,DONE,success,2025-12-25T02:52:00.471021+00:00
0022500242,DONE,success,2025-12-25T02:52:05.739000+00:00
0022500235,DONE,success,2025-12-25T02:52:11.754054+00:00
0022500234,DONE,success,2025-12-25T02:52:16.069769+00:00
0022500233,DONE,success,2025-12-25T02:52:21.243773+00:00
0022500240,DONE,success,2025-12-25T02:52:25.668968+00:00
0022500239,DONE,success,2025-12-25T02:52:31.220102+00:00
0022500238,DONE,success,2025-12-25T02:52:36.801697+00:00
0022500236,DONE,success,2025-12-25T02:52:42.218267+00:00
0022500237,DONE,success,2025-12-25T02:52:48.905262+00:00
0022500232,DONE,success,2025-12-25T02:52:54.751601+00:00
0022500229,DONE,success,2025-12-25T02:53:00.160094+00:00
0022500230,DONE,success,2025-12-25T02:53:05.000153+00:00
0022500228,DONE,success,2025-12-25T02:53:10.543929+00:00
0022500231,DONE,success,2025-12-25T02:53:16.069485+00:00
0022500046,DONE,success,2025-12-25T02:53:21.016300+00:00
0022500040,DONE,success,2025-12-25T02:53:28.136932+00:00
0022500044,DONE,success,2025-12-25T02:53:33.870505+00:00
0022500039,DONE,success,2025-12-25T02:53:38.642011+00:00
0022500042,DONE,success,2025-12-25T02:53:45.863550+00:00
0022500043,DONE,success,2025-12-25T02:53:50.791965+00:00
0022500047,DONE,success,2025-12-25T02:53:55.909905+00:00
0022500045,DONE,success,2025-12-25T02:54:02.091107+00:00
0022500041,DONE,success,2025-12-25T02:54:07.809023+00:00
0022500225,DONE,success,2025-12-25T02:54:13.087044+00:00
0022500226,DONE,success,2025-12-25T02:54:20.294515+00:00
0022500227,DONE,success,2025-12-25T02:54:27.669660+00:00
0022500215,DONE,success,2025-12-25T02:54:33.037253+00:00
0022500219,DONE,success,2025-12-25T02:54:38.901757+00:00
0022500220,DONE,success,2025-12-25T02:54:44.432434+00:00
0022500213,DONE,success,2025-12-25T02:54:49.955676+00:00
0022500222,DONE,success,2025-12-25T02:54:56.093214+00:00
0022500217,DONE,success,2025-12-25T02:55:00.952606+00:00
0022500223,DONE,success,2025-12-25T02:55:05.677195+00:00
0022500224,DONE,success,2025-12-25T02:55:11.105914+00:00
0022500216,DONE,success,2025-12-25T02:55:16.578754+00:00
0022500214,DONE,success,2025-12-25T02:55:24.416443+00:00
0022500218,DONE,success,2025-12-25T02:55:30.898364+00:00
0022500221,DONE,success,2025-12-25T02:55:35.252106+00:00
0022500208,DONE,success,2025-12-25T02:55:40.124809+00:00
0022500209,DONE,success,2025-12-25T02:55:44.745685+00:00
0022500210,DONE,success,2025-12-25T02:55:49.744060+00:00
0022500211,DONE,success,2025-12-25T02:55:55.232703+00:00
0022500212,DONE,success,2025-12-25T02:56:00.300999+00:00
0022500207,DONE,success,2025-12-25T02:56:05.180836+00:00
0022500198,DONE,success,2025-12-25T02:56:09.466033+00:00
0022500204,DONE,success,2025-12-25T02:56:14.628444+00:00
0022500202,DONE,success,2025-12-25T02:56:20.152334+00:00
0022500201,DONE,success,2025-12-25T02:56:25.576592+00:00
0022500199,DONE,success,2025-12-25T02:56:31.298632+00:00
0022500203,DONE,success,2025-12-25T02:56:36.213894+00:00
0022500205,DONE,success,2025-12-25T02:56:42.119475+00:00
0022500200,DONE,success,2025-12-25T02:56:46.754825+00:00
0022500206,DONE,success,2025-12-25T02:56:51.580029+00:00
0022500192,DONE,success,2025-12-25T02:56:56.640565+00:00
0022500191,DONE,success,2025-12-25T02:57:01.397838+00:00
0022500197,DONE,success,2025-12-25T02:57:07.057093+00:00
0022500196,DONE,success,2025-12-25T02:57:12.559777+00:00
0022500193,DONE,success,2025-12-25T02:57:17.154688+00:00
0022500194,DONE,success,2025-12-25T02:57:22.062377+00:00
0022500195,DONE,success,2025-12-25T02:57:26.857951+00:00
0022500189,DONE,success,2025-12-25T02:57:32.514469+00:00
0022500183,DONE,success,2025-12-25T02:57:37.595674+00:00
0022500188,DONE,success,2025-12-25T02:57:43.154222+00:00
0022500185,DONE,success,2025-12-25T02:57:47.958366+00:00
0022500187,DONE,success,2025-12-25T02:57:52.862504+00:00
0022500190,DONE,success,2025-12-25T02:57:58.042824+00:00
0022500184,DONE,success,2025-12-25T02:58:03.162577+00:00
0022500186,DONE,success,2025-12-25T02:58:08.441816+00:00
0022500030,DONE,success,2025-12-25T02:58:13.382755+00:00
0022500032,DONE,success,2025-12-25T02:58:17.802059+00:00
0022500029,DONE,success,2025-12-25T02:58:22.698403+00:00
0022500038,DONE,success,2025-12-25T02:58:27.906928+00:00
0022500031,DONE,success,2025-12-25T02:58:33.241969+00:00
0022500028,DONE,success,2025-12-25T02:58:39.666983+00:00
0022500034,DONE,success,2025-12-25T02:58:44.753848+00:00
0022500036,DONE,success,2025-12-25T02:58:49.980876+00:00
0022500033,DONE,success,2025-12-25T02:58:55.264761+00:00
0022500035,DONE,success,2025-12-25T02:59:00.559392+00:00
0022500037,DONE,success,2025-12-25T02:59:05.327341+00:00
0022500182,DONE,success,2025-12-25T02:59:10.685451+00:00
0022500178,DONE,success,2025-12-25T02:59:16.153057+00:00
0022500174,DONE,success,2025-12-25T02:59:21.502830+00:00
0022500179,DONE,success,2025-12-25T02:59:26.595065+00:00
0022500177,DONE,success,2025-12-25T02:59:31.902200+00:00
0022500176,DONE,success,2025-12-25T02:59:37.128380+00:00
0022500171,DONE,success,2025-12-25T02:59:42.023885+00:00
0022500173,DONE,success,2025-12-25T02:59:47.666100+00:00
0022500172,DONE,success,2025-12-25T02:59:52.504763+00:00
0022500181,DONE,success,2025-12-25T02:59:57.450508+00:00
0022500180,DONE,success,2025-12-25T03:00:02.575210+00:00
0022500175,DONE,success,2025-12-25T03:00:07.066590+00:00
0022500170,DONE,success,2025-12-25T03:00:11.989358+00:00
0022500167,DONE,success,2025-12-25T03:00:17.685050+00:00
0022500165,DONE,success,2025-12-25T03:00:23.228405+00:00
0022500166,DONE,success,2025-12-25T03:00:28.532225+00:00
0022500169,DONE,success,2025-12-25T03:00:33.852814+00:00
0022500168,DONE,success,2025-12-25T03:00:38.919501+00:00
0022500156,DONE,success,2025-12-25T03:00:44.079886+00:00
0022500164,DONE,success,2025-12-25T03:00:49.236411+00:00
0022500157,DONE,success,2025-12-25T03:00:55.138656+00:00
0022500162,DONE,success,2025-12-25T03:01:00.091631+00:00
0022500158,DONE,success,2025-12-25T03:01:05.953947+00:00
0022500160,DONE,success,2025-12-25T03:01:10.673498+00:00
0022500163,DONE,success,2025-12-25T03:01:16.282986+00:00
0022500161,DONE,success,2025-12-25T03:01:21.627551+00:00
0022500159,DONE,success,2025-12-25T03:01:26.141603+00:00
0022500155,DONE,success,2025-12-25T03:01:31.575910+00:00
0022500148,DONE,success,2025-12-25T03:01:37.138327+00:00
0022500150,DONE,success,2025-12-25T03:01:41.975317+00:00
0022500154,DONE,success,2025-12-25T03:01:47.811726+00:00
0022500153,DONE,success,2025-12-25T03:01:52.861802+00:00
0022500149,DONE,success,2025-12-25T03:01:57.142162+00:00
0022500151,DONE,success,2025-12-25T03:02:02.800162+00:00
0022500152,DONE,success,2025-12-25T03:02:09.292123+00:00
0022500142,DONE,success,2025-12-25T03:02:14.996718+00:00
0022500145,DONE,success,2025-12-25T03:02:20.459098+00:00
0022500143,DONE,success,2025-12-25T03:02:24.763869+00:00
0022500144,DONE,success,2025-12-25T03:02:30.231009+00:00
0022500146,DONE,success,2025-12-25T03:02:37.399382+00:00
0022500147,DONE,success,2025-12-25T03:02:43.057907+00:00
0022500026,DONE,success,2025-12-25T03:02:47.587210+00:00
0022500024,DONE,success,2025-12-25T03:02:52.468696+00:00
0022500025,DONE,success,2025-12-25T03:02:58.491169+00:00
0022500021,DONE,success,2025-12-25T03:03:02.970337+00:00
0022500020,DONE,success,2025-12-25T03:03:08.392160+00:00
0022500023,DONE,success,2025-12-25T03:03:13.595775+00:00
0022500022,DONE,success,2025-12-25T03:03:17.814817+00:00
0022500027,DONE,success,2025-12-25T03:03:22.849486+00:00
0022500141,DONE,success,2025-12-25T03:03:28.508946+00:00
0022500138,DONE,success,2025-12-25T03:03:33.572222+00:00
0022500140,DONE,success,2025-12-25T03:03:38.722086+00:00
0022500139,DONE,success,2025-12-25T03:03:46.363760+00:00
0022500136,DONE,success,2025-12-25T03:03:51.541412+00:00
0022500130,DONE,success,2025-12-25T03:03:57.664558+00:00
0022500135,DONE,success,2025-12-25T03:04:02.830053+00:00
0022500129,DONE,success,2025-12-25T03:04:08.120346+00:00
0022500131,DONE,success,2025-12-25T03:04:13.056192+00:00
0022500132,DONE,success,2025-12-25T03:04:18.650282+00:00
0022500133,DONE,success,2025-12-25T03:04:23.957563+00:00
0022500137,DONE,success,2025-12-25T03:04:28.283375+00:00
0022500128,DONE,success,2025-12-25T03:04:33.504133+00:00
0022500134,DONE,success,2025-12-25T03:04:38.995264+00:00
0022500127,DONE,success,2025-12-25T03:04:43.874274+00:00
0022500123,DONE,success,2025-12-25T03:04:48.518659+00:00
0022500126,DONE,success,2025-12-25T03:04:53.759475+00:00
0022500124,DONE,success,2025-12-25T03:04:59.770551+00:00
0022500125,DONE,success,2025-12-25T03:05:05.399776+00:00
0022500008,DONE,success,2025-12-25T03:05:10.447115+00:00
0022500119,DONE,success,2025-12-25T03:05:16.360579+00:00
0022500114,DONE,success,2025-12-25T03:05:21.890280+00:00
0022500118,DONE,success,2025-12-25T03:05:26.948352+00:00
0022500007,DONE,success,2025-12-25T03:05:32.958965+00:00
0022500121,DONE,success,2025-12-25T03:05:38.183474+00:00
0022500122,DONE,success,2025-12-25T03:05:43.117074+00:00
0022500115,DONE,success,2025-12-25T03:05:48.063317+00:00
0022500120,DONE,success,2025-12-25T03:05:53.601990+00:00
0022500117,DONE,success,2025-12-25T03:05:59.164177+00:00
0022500116,DONE,success,2025-12-25T03:06:04.584926+00:00
0022500113,DONE,success,2025-12-25T03:06:09.627891+00:00
0022500107,DONE,success,2025-12-25T03:06:15.107640+00:00
0022500112,DONE,success,2025-12-25T03:06:19.848638+00:00
0022500106,DONE,success,2025-12-25T03:06:25.217233+00:00
0022500108,DONE,success,2025-12-25T03:06:30.476878+00:00
0022500109,DONE,success,2025-12-25T03:06:35.882777+00:00
0022500111,DONE,success,2025-12-25T03:06:41.082122+00:00
0022500105,DONE,success,2025-12-25T03:06:46.392956+00:00
0022500110,DONE,success,2025-12-25T03:06:51.855968+00:00
0022500103,DONE,success,2025-12-25T03:06:56.590736+00:00
0022500101,DONE,success,2025-12-25T03:07:01.567391+00:00
0022500104,DONE,success,2025-12-25T03:07:07.108007+00:00
0022500100,DONE,success,2025-12-25T03:07:12.367178+00:00
0022500102,DONE,success,2025-12-25T03:07:17.533581+00:00
0022500090,DONE,success,2025-12-25T03:07:23.271110+00:00
0022500019,DONE,success,2025-12-25T03:07:28.574533+00:00
0022500099,DONE,success,2025-12-25T03:07:33.458014+00:00
0022500096,DONE,success,2025-12-25T03:07:38.983461+00:00
0022500018,DONE,success,2025-12-25T03:07:44.083406+00:00
0022500094,DONE,success,2025-12-25T03:07:48.889086+00:00
0022500093,DONE,success,2025-12-25T03:07:54.389092+00:00
0022500092,DONE,success,2025-12-25T03:07:59.450453+00:00
0022500091,DONE,success,2025-12-25T03:08:04.083210+00:00
0022500098,DONE,success,2025-12-25T03:08:09.709041+00:00
0022500097,DONE,success,2025-12-25T03:08:15.412747+00:00
0022500095,DONE,success,2025-12-25T03:08:19.678570+00:00
0022500006,DONE,success,2025-12-25T03:08:24.370489+00:00
0022500005,DONE,success,2025-12-25T03:08:29.526588+00:00
0022500088,DONE,success,2025-12-25T03:08:34.317207+00:00
0022500083,DONE,success,2025-12-25T03:08:39.283869+00:00
0022500082,DONE,success,2025-12-25T03:08:44.733353+00:00
0022500089,DONE,success,2025-12-25T03:08:49.215917+00:00
0022500080,DONE,success,2025-12-25T03:08:54.227510+00:00
0022500004,DONE,success,2025-12-25T03:08:59.299871+00:00
0022500086,DONE,success,2025-12-25T03:09:04.350188+00:00
0022500085,DONE,success,2025-12-25T03:09:09.401298+00:00
0022500003,DONE,success,2025-12-25T03:09:15.018333+00:00
0022500084,DONE,success,2025-12-25T03:09:19.763213+00:00
0022500087,DONE,success,2025-12-25T03:09:25.124195+00:00
0022500081,DONE,success,2025-12-25T03:09:30.182715+00:00
0022500001,DONE,success,2025-12-25T03:09:35.198088+00:00
0022500002,SKIP_MEDIUM,SKIP_MEDIUM,2025-12-25T03:09:40.596413+00:00
