game_id,team,game_state,team_state,pace,ortg,poss,fta_rate
0022500420,ORL,close,neutral,98.3,110.98,24.78,0.2706
0022500420,POR,close,neutral,100.94,104.58,25.34,0.2184
0022500418,PHX,close,neutral,94.8,139.24,23.7,0.2353
0022500418,LAL,close,neutral,96.76,111.62,24.19,0.358
0022500417,SAS,close,neutral,93.95,138.95,23.39,0.2857
0022500417,OKC,close,neutral,92.47,119.46,23.02,0.0824
0022500415,DEN,close,neutral,100.24,130.78,24.85,0.1149
0022500415,DAL,close,neutral,98.19,132.86,24.65,0.1613
0022500414,MIA,close,neutral,96.99,93.05,24.45,0.2439
0022500414,TOR,close,neutral,95.32,117.99,23.73,0.2093
0022500410,BKN,close,neutral,102.95,111.2,25.63,0.4024
0022500410,PHI,close,neutral,100.72,105.24,25.18,0.4691
0022500411,ATL,close,neutral,108.8,113.05,27.2,0.2105
0022500411,CHI,close,neutral,110.32,114.21,27.58,0.3077
0022500416,MIN,close,neutral,104.12,110.45,26.03,0.2473
0022500416,NYK,close,neutral,106.16,97.56,26.65,0.1515
0022500413,IND,close,neutral,100.52,93.51,25.13,0.4074
0022500413,MIL,close,neutral,100.56,110.38,25.14,0.2927
0022500421,DET,close,neutral,106.76,127.92,26.58,0.2947
0022500421,SAC,close,neutral,101.86,124.17,25.57,0.4022
0022500409,CHA,close,neutral,94.88,132.8,23.72,0.2903
0022500409,WAS,close,neutral,96.32,114.59,23.78,0.2371
0022500419,UTA,close,neutral,106.4,119.81,26.71,0.4
0022500419,MEM,close,neutral,107.76,127.13,26.94,0.3295
0022500422,LAC,close,neutral,91.64,140.85,22.72,0.3506
0022500422,HOU,close,neutral,92.3,117.49,22.98,0.2093
0022500412,CLE,close,neutral,108.39,129.55,27.21,0.1048
0022500412,NOP,close,neutral,108.0,109.26,27.0,0.266
0022500406,OKC,close,neutral,104.6,114.25,26.04,0.1489
0022500406,MEM,close,neutral,103.26,98.92,26.03,0.2771
0022500408,DET,close,neutral,96.75,112.75,24.39,0.2376
0022500408,POR,close,neutral,101.5,100.08,25.48,0.5811
0022500402,CHA,close,neutral,106.56,123.36,26.75,0.266
0022500402,CLE,close,neutral,102.93,134.48,25.84,0.2184
0022500407,ORL,close,neutral,100.44,96.58,25.11,0.2989
0022500407,GSW,close,neutral,98.56,121.75,24.64,0.2697
0022500405,UTA,close,neutral,106.91,104.32,26.84,0.1979
0022500405,DEN,close,neutral,104.0,129.81,26.0,0.2717
0022500403,BOS,close,neutral,99.36,103.66,24.84,0.2135
0022500403,IND,close,neutral,95.92,99.04,23.98,0.2118
0022500404,NOP,close,neutral,106.88,111.34,26.72,0.2784
0022500404,DAL,close,neutral,111.24,101.58,27.81,0.2019
0022500396,ATL,close,neutral,116.57,129.22,29.02,0.3265
0022500396,CHI,close,neutral,109.16,139.25,27.29,0.4239
0022500400,MIN,close,neutral,97.12,106.05,24.28,0.2614
0022500400,MIL,close,neutral,100.8,99.21,25.2,0.2299
0022500401,SAC,close,neutral,93.14,121.55,25.71,0.3789
0022500401,HOU,close,neutral,95.24,117.47,26.39,0.2553
0022500397,TOR,close,neutral,95.52,84.8,23.88,0.093
0022500397,BKN,close,neutral,97.45,98.93,24.26,0.2133
0022500398,NYK,close,neutral,102.24,129.11,25.56,0.2471
0022500398,MIA,close,neutral,101.4,123.27,25.35,0.4023
0022500399,SAS,close,neutral,106.64,115.8,26.77,0.3077
0022500399,WAS,close,neutral,102.56,110.18,25.64,0.2526
0022500395,LAL,close,neutral,94.73,92.51,23.78,0.2614
0022500395,LAC,close,neutral,91.42,112.2,22.95,0.25
0022500388,TOR,close,neutral,94.84,101.22,23.71,0.1264
0022500388,BOS,close,neutral,93.6,119.66,23.4,0.1579
0022500390,CHA,close,neutral,109.26,79.04,27.2,0.2247
0022500390,DET,close,neutral,110.54,101.74,27.52,0.3441
0022500387,DAL,close,neutral,103.11,111.02,25.67,0.2651
0022500387,PHI,close,neutral,101.9,118.26,25.58,0.2745
0022500386,DEN,close,neutral,102.69,97.94,25.78,0.25
0022500386,HOU,close,neutral,97.12,118.41,24.28,0.2987
0022500391,WAS,close,neutral,103.87,125.68,25.86,0.2626
0022500391,MEM,close,neutral,104.25,116.55,26.17,0.22
0022500393,ORL,close,neutral,99.19,116.87,27.38,0.3438
0022500393,UTA,close,neutral,101.23,113.19,28.05,0.2857
0022500394,SAC,close,neutral,97.64,95.25,24.41,0.3563
0022500394,POR,close,neutral,102.0,96.08,25.5,0.3086
0022500392,PHX,close,neutral,103.13,112.01,25.89,0.2727
0022500392,GSW,close,neutral,105.56,112.73,26.39,0.2609
0022500389,IND,close,neutral,109.74,98.91,27.55,0.3191
0022500389,NOP,close,neutral,109.5,116.41,27.49,0.4
0022500381,MIA,close,neutral,108.56,106.85,27.14,0.2353
0022500381,BOS,close,neutral,100.14,128.28,25.14,0.2927
0022500385,OKC,close,neutral,102.77,103.68,25.8,0.3261
0022500385,MIN,close,neutral,103.68,108.02,25.92,0.5341
0022500382,PHI,close,neutral,96.84,119.29,24.31,0.2386
0022500382,NYK,close,neutral,96.4,111.46,24.0,0.2841
0022500383,ATL,close,neutral,107.04,91.55,26.76,0.1702
0022500383,SAS,close,neutral,103.47,122.28,25.76,0.1702
0022500384,CLE,close,neutral,110.9,112.25,27.84,0.1881
0022500384,CHI,close,neutral,107.6,126.39,26.9,0.1471
0022500380,POR,close,neutral,108.24,112.12,29.88,0.3204
0022500380,SAC,close,neutral,105.42,114.69,28.99,0.3617
0022500372,IND,close,neutral,98.92,114.23,24.73,0.1935
0022500372,NYK,close,neutral,102.79,111.37,25.59,0.2065
0022500370,WAS,close,neutral,99.16,94.8,24.79,0.1489
0022500370,SAS,close,neutral,98.39,120.45,24.7,0.2222
0022500378,GSW,close,neutral,101.5,96.15,25.48,0.2022
0022500378,PHX,close,neutral,101.1,98.33,25.17,0.25
0022500377,ORL,close,neutral,99.86,115.65,24.86,0.2857
0022500377,DEN,close,neutral,102.17,122.81,25.65,0.1705
0022500371,ATL,close,neutral,108.58,117.01,26.92,0.2391
0022500371,CHA,close,neutral,105.92,126.09,26.37,0.1868
0022500376,DAL,close,neutral,100.38,104.66,27.71,0.4045
0022500376,DET,close,neutral,104.76,99.3,28.7,0.1639
0022500374,TOR,close,neutral,98.06,114.15,24.31,0.25
0022500374,MIL,close,neutral,98.45,107.1,24.51,0.1905
0022500375,HOU,close,neutral,100.94,114.41,27.97,0.2523
0022500375,NOP,close,neutral,98.85,122.78,27.08,0.2887
0022500379,LAL,close,neutral,104.16,137.29,26.04,0.4194
0022500379,UTA,close,neutral,108.13,125.37,26.92,0.5663
0022500373,MIA,close,neutral,102.36,103.56,25.59,0.2135
0022500373,BKN,close,neutral,99.01,95.15,24.96,0.1122
0022500369,LAC,close,neutral,105.12,96.48,26.17,0.2895
0022500369,OKC,close,neutral,106.6,113.98,26.76,0.1584
0022500367,CLE,close,neutral,106.48,103.82,26.73,0.2069
0022500367,CHI,close,neutral,105.92,119.9,26.48,0.2022
0022500368,MEM,close,neutral,110.46,105.45,27.5,0.2604
0022500368,MIN,close,neutral,112.35,98.32,27.97,0.2755
0022501225,DEN,close,neutral,92.85,124.85,25.63,0.3882
0022501225,HOU,close,neutral,97.84,115.27,27.11,0.2796
0022501227,TOR,close,neutral,99.96,106.04,24.99,0.1023
0022501227,MIA,close,neutral,100.54,95.88,25.03,0.2771
0022501224,UTA,close,neutral,105.93,120.15,29.13,0.3402
0022501224,DAL,close,neutral,105.09,114.62,29.01,0.4184
0022501222,BOS,close,neutral,99.71,106.19,24.72,0.3293
0022501222,DET,close,neutral,98.41,114.29,24.5,0.2809
0022501219,MIL,blowout,trailing,99.87,82.79,24.76,0.2025
0022501219,BKN,blowout,leading,99.94,126.54,25.09,0.2235
0022501216,IND,blowout,trailing,90.24,98.63,22.56,0.25
0022501216,WAS,blowout,leading,94.44,114.36,23.61,0.2921
0022501221,GSW,close,neutral,107.57,122.29,26.78,0.2644
0022501221,POR,close,neutral,109.22,125.05,27.19,0.3258
0022501217,PHI,close,neutral,103.76,112.76,25.94,0.2871
0022501217,ATL,close,neutral,106.24,112.95,26.56,0.2121
0022501218,CLE,close,neutral,98.5,102.06,27.19,0.3053
0022501218,CHA,close,neutral,100.75,106.98,27.81,0.2143
0022501223,CHI,close,neutral,99.48,104.54,24.87,0.1848
0022501223,NOP,close,neutral,103.57,109.62,26.0,0.2688
0022501220,MIN,close,neutral,101.46,114.84,25.47,0.2872
0022501220,SAC,close,neutral,103.0,100.0,25.75,0.3086
0022501228,PHX,close,neutral,101.58,111.76,25.5,0.3049
0022501228,LAL,close,neutral,103.92,111.62,25.98,0.4886
0022501215,GSW,close,neutral,106.68,112.49,26.67,0.2292
0022501215,MIN,close,neutral,100.32,126.59,25.08,0.3146
0022501211,PHI,close,neutral,98.92,116.26,24.73,0.5443
0022501211,IND,close,neutral,98.95,105.68,24.84,0.1979
0022501212,CLE,blowout,trailing,104.84,124.0,26.21,0.3711
0022501212,WAS,blowout,leading,104.52,121.06,26.02,0.3721
0022501210,ATL,blowout,trailing,105.2,108.86,26.41,0.3647
0022501210,DET,blowout,leading,105.76,134.27,26.44,0.3187
0022501213,UTA,close,neutral,113.53,114.04,28.5,0.2404
0022501213,MEM,close,neutral,109.7,115.34,27.31,0.2121
0022501209,CHA,close,neutral,101.82,124.26,25.35,0.1031
0022501209,CHI,close,neutral,101.94,126.03,25.59,0.2021
0022501214,DAL,close,neutral,109.13,109.5,27.17,0.234
0022501214,BKN,close,neutral,102.36,108.44,25.59,0.2209
0022501205,HOU,close,neutral,98.24,117.06,24.56,0.2258
0022501205,LAC,close,neutral,96.44,117.17,24.11,0.3333
0022501207,POR,close,neutral,112.74,105.56,28.42,0.2157
0022501207,NOP,close,neutral,108.93,131.82,27.12,0.1518
0022501208,SAC,blowout,trailing,103.12,101.82,25.78,0.2644
0022501208,DEN,blowout,leading,102.33,132.35,25.69,0.3295
0022501206,MIL,close,neutral,94.77,121.9,23.79,0.1772
0022501206,BOS,close,neutral,99.41,102.02,24.75,0.2841
0022500364,SAC,close,neutral,102.55,102.82,25.53,0.2614
0022500364,IND,close,neutral,102.32,113.37,25.58,0.3218
0022500365,MIN,close,neutral,93.12,112.76,23.28,0.2771
0022500365,PHX,close,neutral,93.8,115.14,23.45,0.2222
0022500366,NOP,close,neutral,104.01,126.39,26.11,0.2955
0022500366,SAS,close,neutral,110.0,122.73,27.5,0.2551
0022500358,TOR,close,neutral,99.48,115.02,24.56,0.2386
0022500358,BOS,close,neutral,95.16,127.15,23.79,0.1522
0022500361,CHI,close,neutral,97.36,93.47,24.34,0.2135
0022500361,GSW,close,neutral,96.76,127.65,24.09,0.2159
0022500359,CHA,close,neutral,96.84,109.01,24.31,0.2471
0022500359,DEN,close,neutral,97.68,117.73,24.42,0.2651
0022500363,OKC,close,neutral,100.92,129.81,25.23,0.2045
0022500363,UTA,close,neutral,101.7,99.72,25.32,0.1412
0022500362,LAL,close,neutral,99.29,113.27,24.72,0.3176
0022500362,PHI,close,neutral,102.44,105.43,25.61,0.2549
0022500360,POR,close,neutral,105.48,90.63,26.48,0.2169
0022500360,MEM,close,neutral,112.16,106.1,28.04,0.4382
0022500357,NYK,close,neutral,95.4,110.65,23.95,0.2198
0022500357,ORL,close,neutral,98.56,101.46,24.64,0.2553
0022500350,NOP,close,neutral,95.68,105.56,23.92,0.2683
0022500350,BKN,close,neutral,97.75,121.23,24.54,0.1573
0022500356,DAL,close,neutral,95.4,127.35,23.95,0.2439
0022500356,HOU,close,neutral,95.12,115.08,23.68,0.1494
0022500351,WAS,close,neutral,104.36,111.15,26.09,0.2375
0022500351,ATL,close,neutral,100.74,129.5,25.29,0.1429
0022500354,SAC,close,neutral,104.68,121.83,26.06,0.2258
0022500354,MIA,close,neutral,100.66,109.81,25.27,0.3765
0022500352,CLE,close,neutral,101.12,93.74,25.07,0.1121
0022500352,GSW,close,neutral,100.7,97.9,25.28,0.2674
0022500355,LAC,close,neutral,96.0,110.42,24.0,0.2941
0022500355,MIN,close,neutral,89.59,121.16,22.49,0.5
0022500353,MIL,close,neutral,98.26,113.04,24.77,0.381
0022500353,DET,close,neutral,97.82,125.71,24.66,0.3605
0022500345,IND,close,neutral,98.86,122.4,24.51,0.1905
0022500345,CHI,close,neutral,96.76,108.52,24.19,0.3766
0022500339,ORL,close,neutral,105.56,100.42,26.39,0.2609
0022500339,MIA,close,neutral,102.45,102.06,25.72,0.3375
0022500343,NYK,close,neutral,104.44,139.79,26.11,0.2857
0022500343,UTA,close,neutral,104.4,107.28,26.1,0.4023
0022500348,MIL,close,neutral,96.48,104.25,24.22,0.3553
0022500348,PHI,close,neutral,96.68,119.98,24.17,0.2558
0022500347,MEM,close,neutral,96.92,110.4,24.23,0.2308
0022500347,LAC,close,neutral,98.07,99.51,24.62,0.2125
0022500346,PHX,close,neutral,106.81,92.14,26.59,0.19
0022500346,HOU,close,neutral,99.36,117.75,24.84,0.25
0022500349,DAL,close,neutral,96.8,114.67,24.2,0.2326
0022500349,OKC,close,neutral,94.53,138.48,23.83,0.3333
0022500341,SAS,close,neutral,106.99,108.9,26.86,0.2796
0022500341,CLE,close,neutral,103.76,125.29,25.94,0.3372
0022500338,LAL,close,neutral,92.6,111.99,23.44,0.3766
0022500338,BOS,close,neutral,95.68,132.24,23.82,0.1429
0022500344,TOR,close,neutral,104.29,82.12,26.18,0.1413
0022500344,CHA,close,neutral,106.52,104.21,26.63,0.4459
0022500340,DEN,close,neutral,105.64,127.38,26.3,0.3371
0022500340,ATL,close,neutral,102.61,129.08,25.76,0.1684
0022500342,POR,close,neutral,99.82,116.7,24.85,0.4118
0022500342,DET,close,neutral,103.55,118.31,25.78,0.5854
0022500335,BKN,close,neutral,101.72,108.14,25.43,0.4634
0022500335,UTA,close,neutral,97.88,125.66,24.47,0.3253
0022500334,BOS,close,neutral,101.82,142.8,25.56,0.2121
0022500334,WAS,close,neutral,101.0,100.0,25.25,0.2976
0022500333,GSW,close,neutral,98.45,99.96,24.51,0.1798
0022500333,PHI,close,neutral,99.16,99.84,24.79,0.1647
0022500337,NOP,close,neutral,109.98,105.03,27.61,0.2737
0022500337,MIN,close,neutral,111.76,111.85,27.94,0.3152
0022500336,TOR,close,neutral,99.24,120.92,24.81,0.236
0022500336,LAL,close,neutral,96.84,127.54,24.11,0.2955
0022500326,ORL,close,neutral,106.91,104.32,26.84,0.1919
0022500326,SAS,close,neutral,107.11,105.99,26.89,0.2637
0022500327,ATL,close,neutral,99.74,91.85,25.04,0.1647
0022500327,LAC,close,neutral,96.4,118.8,24.2,0.2247
0022500324,CLE,close,neutral,101.56,108.31,25.39,0.2553
0022500324,POR,close,neutral,101.58,120.6,25.29,0.4588
0022500325,IND,close,neutral,97.35,122.75,24.44,0.358
0022500325,DEN,close,neutral,99.44,135.76,24.86,0.3133
0022500328,NYK,close,neutral,95.88,124.11,23.97,0.3068
0022500328,CHA,close,neutral,99.41,103.75,25.06,0.2333
0022500331,DET,close,neutral,106.56,102.29,26.64,0.2526
0022500331,MIL,close,neutral,98.24,115.02,24.56,0.2561
0022500330,SAC,close,neutral,100.98,93.69,25.35,0.1031
0022500330,HOU,close,neutral,100.14,120.33,25.14,0.2637
0022500332,MIA,close,neutral,105.36,102.94,26.23,0.1782
0022500332,DAL,close,neutral,99.7,118.86,24.82,0.1319
0022500329,BKN,close,neutral,100.26,112.24,25.17,0.2821
0022500329,CHI,close,neutral,106.44,97.17,26.5,0.2778
0022500318,PHI,close,neutral,106.04,113.64,26.62,0.1667
0022500318,WAS,close,neutral,101.08,100.91,25.27,0.3636
0022500321,MIN,close,neutral,105.24,128.71,28.94,0.2788
0022500321,NOP,close,neutral,101.41,126.33,28.1,0.3846
0022500322,MEM,close,neutral,106.56,111.67,26.64,0.2667
0022500322,SAS,close,neutral,100.22,125.2,25.16,0.337
0022500323,GSW,close,neutral,102.4,109.38,25.6,0.1053
0022500323,OKC,close,neutral,99.7,123.85,25.03,0.2911
0022500320,BOS,close,neutral,91.78,133.46,23.04,0.1609
0022500320,NYK,close,neutral,92.48,126.51,23.12,0.2
0022500319,POR,close,neutral,103.08,114.47,25.77,0.3855
0022500319,TOR,close,neutral,107.24,112.83,26.81,0.2333
0022500314,CHI,close,neutral,106.79,111.44,26.92,0.25
0022500314,ORL,close,neutral,107.97,116.26,26.88,0.375
0022500312,CHA,close,neutral,102.35,101.06,25.48,0.2118
0022500312,BKN,close,neutral,101.48,114.31,25.37,0.1771
0022500317,PHX,close,neutral,102.52,121.93,25.63,0.087
0022500317,LAL,close,neutral,102.17,105.26,25.65,0.1875
0022500316,UTA,close,neutral,106.16,125.8,26.43,0.4222
0022500316,HOU,close,neutral,108.49,115.7,27.01,0.4409
0022500311,MIL,close,neutral,101.82,123.24,25.56,0.25
0022500311,WAS,close,neutral,104.6,123.33,26.15,0.1471
0022500315,DAL,close,neutral,102.59,128.23,25.54,0.1474
0022500315,DEN,close,neutral,101.5,118.72,25.48,0.1818
0022500313,MIA,close,neutral,104.84,132.98,26.32,0.12
0022500313,LAC,close,neutral,108.95,112.43,27.35,0.3646
0022500309,DET,close,neutral,100.56,98.45,25.14,0.2791
0022500309,ATL,close,neutral,99.43,98.16,24.96,0.1236
0022500310,IND,close,neutral,100.44,117.5,25.32,0.4353
0022500310,CLE,close,neutral,99.76,135.32,24.94,0.2959
0022500303,TOR,close,neutral,99.07,94.49,24.87,0.1932
0022500303,NYK,close,neutral,96.04,120.78,24.01,0.1667
0022500304,ATL,close,neutral,107.53,110.04,32.26,0.3942
0022500304,PHI,close,neutral,106.53,104.1,32.18,0.3619
0022500307,SAC,close,neutral,101.26,105.23,25.42,0.234
0022500307,MEM,close,neutral,105.24,108.82,26.42,0.2558
0022500308,LAL,close,neutral,100.74,131.47,25.29,0.4483
0022500308,NOP,close,neutral,100.22,121.24,24.95,0.2198
0022500301,UTA,close,neutral,103.03,98.44,25.65,0.1705
0022500301,HOU,close,neutral,100.52,128.33,25.13,0.3793
0022500305,OKC,close,neutral,108.08,113.8,27.02,0.3556
0022500305,POR,close,neutral,107.17,108.2,26.57,0.4157
0022500306,SAS,close,neutral,94.96,117.45,23.84,0.2262
0022500306,MIN,close,neutral,95.12,131.97,23.68,0.1494
0022500302,CLE,close,neutral,96.72,118.9,24.18,0.1383
0022500302,BOS,close,neutral,94.76,123.47,23.69,0.358
0022500298,GSW,close,neutral,96.4,107.44,24.2,0.2151
0022500298,NOP,close,neutral,97.96,98.0,24.49,0.3953
0022500296,DET,close,neutral,113.59,121.99,28.28,0.2473
0022500296,MIA,close,neutral,111.16,121.45,27.79,0.4432
0022500299,PHX,close,neutral,95.04,117.35,23.86,0.2955
0022500299,DEN,close,neutral,92.01,142.48,22.81,0.2763
0022500297,BKN,close,neutral,96.88,102.61,24.12,0.2208
0022500297,MIL,close,neutral,91.48,126.8,22.87,0.2024
0022500294,TOR,close,neutral,94.62,106.24,26.12,0.1717
0022500294,CHA,close,neutral,93.42,114.83,25.69,0.3118
0022500295,CHI,close,neutral,99.04,101.98,24.76,0.1839
0022500295,IND,close,neutral,98.84,104.21,24.71,0.1236
0022500293,BOS,close,neutral,98.19,116.63,24.65,0.1562
0022500293,MIN,close,neutral,101.22,118.06,25.2,0.241
0022500300,LAC,close,neutral,106.64,103.15,26.66,0.3875
0022500300,DAL,close,neutral,106.32,107.22,26.58,0.3111
0022500069,CLE,close,neutral,106.8,115.17,26.7,0.2105
0022500069,ATL,close,neutral,107.54,119.88,27.11,0.2857
0022500076,DEN,close,neutral,105.76,128.06,26.55,0.3297
0022500076,SAS,close,neutral,104.08,133.55,26.02,0.3404
0022500078,DAL,close,neutral,97.61,122.93,24.2,0.2198
0022500078,LAL,close,neutral,95.44,135.16,23.86,0.3421
0022500077,UTA,close,neutral,103.17,123.55,25.9,0.4598
0022500077,SAC,close,neutral,106.64,111.13,26.77,0.3333
0022500079,LAC,close,neutral,103.67,103.64,25.81,0.236
0022500079,MEM,close,neutral,97.68,114.66,24.42,0.25
0022500075,PHX,close,neutral,107.56,110.64,26.89,0.2609
0022500075,OKC,close,neutral,106.32,115.69,26.58,0.3218
0022500071,CHA,close,neutral,109.11,112.27,27.39,0.2474
0022500071,CHI,close,neutral,105.8,109.64,26.45,0.2062
0022500074,NYK,close,neutral,96.52,122.25,24.13,0.3929
0022500074,MIL,close,neutral,92.0,118.48,23.0,0.3521
0022500072,DET,close,neutral,107.64,101.26,26.91,0.369
0022500072,ORL,close,neutral,110.08,101.74,27.52,0.3299
0022500070,PHI,close,neutral,98.8,116.4,24.7,0.2273
0022500070,BKN,close,neutral,100.44,102.55,25.11,0.3059
0022500073,WAS,close,neutral,97.98,87.04,24.7,0.2381
0022500073,IND,close,neutral,99.13,120.54,24.68,0.1413
0022500060,BOS,close,neutral,97.97,119.93,24.39,0.2759
0022500060,DET,close,neutral,100.84,113.05,25.21,0.3871
0022500065,NOP,close,neutral,99.45,117.0,27.35,0.099
0022500065,MEM,close,neutral,98.33,122.97,27.04,0.1443
0022500068,PHX,close,neutral,96.8,115.7,24.2,0.2198
0022500068,SAC,close,neutral,99.98,99.6,25.1,0.1163
0022500066,HOU,close,neutral,94.56,109.98,23.64,0.2424
0022500066,GSW,close,neutral,94.24,106.11,23.56,0.2561
0022500063,TOR,close,neutral,102.88,94.28,25.72,0.3
0022500063,IND,close,neutral,103.12,92.13,25.78,0.2949
0022500061,NYK,close,neutral,102.35,126.57,25.48,0.2045
0022500061,CHA,close,neutral,103.13,97.53,25.89,0.2824
0022500067,SAS,close,neutral,101.0,113.86,25.25,0.2475
0022500067,POR,close,neutral,106.2,96.05,26.55,0.3448
0022500062,MIL,close,neutral,103.16,99.84,25.79,0.1474
0022500062,MIA,close,neutral,98.8,107.29,24.7,0.2353
0022500064,MIN,close,neutral,98.69,106.84,24.57,0.4625
0022500064,OKC,close,neutral,98.31,114.47,24.68,0.475
0022500058,PHI,close,neutral,105.12,98.4,26.17,0.2683
0022500058,ORL,close,neutral,108.87,131.72,27.33,0.2772
0022500059,LAL,close,neutral,97.85,138.55,24.36,0.2989
0022500059,LAC,close,neutral,98.15,119.72,24.64,0.2963
0022500057,ATL,close,neutral,105.6,106.56,26.51,0.1684
0022500057,WAS,close,neutral,101.44,130.13,25.36,0.3095
0022500284,CLE,close,neutral,100.3,98.29,25.18,0.1494
0022500284,TOR,close,neutral,103.35,106.88,25.73,0.2
0022500288,POR,close,neutral,95.52,120.39,23.88,0.4177
0022500288,MIL,close,neutral,99.75,104.12,24.73,0.2093
0022500289,NOP,close,neutral,110.4,129.53,27.6,0.3365
0022500289,CHI,close,neutral,109.54,119.18,27.27,0.3902
0022500286,MIA,close,neutral,103.56,102.36,25.89,0.2553
0022500286,DAL,close,neutral,105.04,97.11,26.26,0.1649
0022500290,HOU,close,neutral,97.08,116.95,24.37,0.1932
0022500290,PHX,close,neutral,95.96,95.48,24.09,0.2375
0022500287,DEN,close,neutral,97.16,128.65,24.29,0.1538
0022500287,MEM,close,neutral,99.19,115.46,24.9,0.1613
0022500291,GSW,close,neutral,105.48,126.51,26.48,0.1731
0022500291,UTA,close,neutral,106.48,109.43,26.73,0.1818
0022500285,NYK,close,neutral,91.63,121.3,23.29,0.1591
0022500285,BKN,close,neutral,95.92,103.82,24.08,0.3218
0022500283,IND,close,neutral,105.4,111.47,26.24,0.4146
0022500283,DET,close,neutral,100.44,120.46,25.32,0.4405
0022500292,SAC,close,neutral,99.91,106.06,27.58,0.2887
0022500292,MIN,close,neutral,97.89,104.01,26.92,0.2268
0022500275,PHI,close,neutral,105.8,111.05,26.34,0.1939
0022500275,MIA,close,neutral,105.76,119.59,26.55,0.3061
0022500281,SAS,close,neutral,96.96,105.2,24.24,0.4416
0022500281,PHX,close,neutral,98.63,112.08,24.76,0.1649
0022500279,BKN,close,neutral,97.64,111.63,24.41,0.4133
0022500279,TOR,close,neutral,99.35,119.29,24.94,0.3452
0022500282,LAL,close,neutral,107.78,101.05,26.72,0.314
0022500282,UTA,close,neutral,105.48,100.08,26.48,0.1915
0022500280,POR,close,neutral,100.82,93.84,25.31,0.2283
0022500280,OKC,close,neutral,96.72,125.62,24.28,0.2706
0022500276,ATL,close,neutral,94.25,118.9,23.76,0.1758
0022500276,CHA,close,neutral,101.22,109.13,25.2,0.2326
0022500277,BOS,close,neutral,96.08,144.23,23.92,0.25
0022500277,ORL,close,neutral,99.56,129.57,24.89,0.24
0022500278,CLE,close,neutral,99.39,120.24,24.95,0.2299
0022500278,LAC,close,neutral,93.66,111.18,23.61,0.325
0022500268,CHA,close,neutral,95.44,121.54,23.86,0.3059
0022500268,LAC,close,neutral,97.56,134.28,24.39,0.2667
0022500271,WAS,close,neutral,104.37,114.5,26.2,0.2083
0022500271,CHI,close,neutral,106.64,113.94,26.55,0.3
0022500270,ATL,close,neutral,94.96,120.6,23.84,0.2111
0022500270,NOP,close,neutral,95.56,102.55,23.89,0.2857
0022500273,DAL,close,neutral,97.04,98.93,24.26,0.1758
0022500273,MEM,close,neutral,91.56,111.4,22.89,0.2609
0022500272,MIL,close,neutral,98.69,118.03,24.57,0.1429
0022500272,DET,close,neutral,101.56,127.02,25.39,0.3077
0022500269,ORL,close,neutral,100.2,132.73,25.05,0.3529
0022500269,NYK,close,neutral,98.5,121.83,24.83,0.3544
0022500274,SAC,close,neutral,97.71,130.45,24.53,0.2527
0022500274,DEN,close,neutral,103.69,118.13,26.03,0.25
0022500056,GSW,close,neutral,100.2,122.75,25.05,0.3614
0022500056,POR,close,neutral,100.66,125.64,25.27,0.3636
0022500049,BKN,close,neutral,97.65,116.21,24.31,0.2561
0022500049,BOS,close,neutral,95.16,110.34,23.79,0.1556
0022500055,UTA,close,neutral,104.56,107.12,26.14,0.3038
0022500055,OKC,close,neutral,104.0,138.46,26.0,0.3012
0022500050,TOR,close,neutral,101.16,138.39,25.29,0.4699
0022500050,WAS,close,neutral,107.01,103.23,26.64,0.2791
0022500052,NOP,close,neutral,108.64,105.85,27.16,0.3407
0022500052,DAL,close,neutral,105.76,112.04,26.33,0.3333
0022500048,CLE,close,neutral,100.88,118.95,25.22,0.3034
0022500048,IND,close,neutral,102.29,107.45,25.36,0.2955
0022500053,PHX,close,neutral,105.76,107.79,26.44,0.358
0022500053,MIN,close,neutral,105.96,107.09,26.38,0.3837
0022500054,HOU,close,neutral,98.21,111.45,24.45,0.2151
0022500054,DEN,close,neutral,91.26,123.24,22.72,0.3553
0022500051,CHI,close,neutral,112.32,95.26,28.08,0.3111
0022500051,MIA,close,neutral,114.84,125.04,28.59,0.44
0022500265,MEM,close,neutral,106.44,128.71,26.61,0.2626
0022500265,SAC,close,neutral,98.6,97.36,24.65,0.1875
0022500266,MIL,close,neutral,98.46,104.86,27.18,0.1413
0022500266,PHI,close,neutral,100.93,110.37,27.86,0.268
0022500264,LAC,close,neutral,107.46,93.21,27.09,0.2135
0022500264,ORL,close,neutral,102.56,125.78,25.64,0.2553
0022500267,ATL,close,neutral,102.72,122.66,25.68,0.1494
0022500267,SAS,close,neutral,104.2,129.56,26.05,0.3297
0022500256,CHA,close,neutral,107.13,110.61,26.67,0.2056
0022500256,IND,close,neutral,100.12,126.85,25.03,0.2706
0022500260,DEN,close,neutral,105.88,118.06,26.47,0.3253
0022500260,NOP,close,neutral,107.09,110.65,26.66,0.3163
0022500257,MIA,close,neutral,107.89,102.38,26.86,0.2708
0022500257,GSW,close,neutral,105.24,91.6,26.2,0.2105
0022500255,CLE,close,neutral,96.68,107.13,24.27,0.3951
0022500255,HOU,close,neutral,98.88,115.29,24.72,0.3
0022500262,NYK,close,neutral,100.98,111.44,25.35,0.3763
0022500262,DAL,close,neutral,105.2,105.51,26.3,0.3529
0022500258,PHI,close,neutral,99.92,112.09,24.98,0.2069
0022500258,TOR,close,neutral,100.56,120.33,25.14,0.2857
0022500259,WAS,close,neutral,98.28,110.91,24.57,0.1364
0022500259,MIN,close,neutral,98.08,122.35,24.52,0.3404
0022500261,SAC,close,neutral,101.7,96.94,25.53,0.2674
0022500261,OKC,close,neutral,104.25,107.5,26.28,0.2614
0022500263,POR,close,neutral,109.62,109.92,27.52,0.2991
0022500263,CHI,close,neutral,110.7,109.75,27.79,0.1458
0022500249,GSW,close,neutral,102.75,110.44,25.58,0.359
0022500249,ORL,close,neutral,101.76,118.91,25.44,0.3412
0022500251,DET,close,neutral,97.75,121.75,24.64,0.2892
0022500251,ATL,close,neutral,99.6,112.45,24.9,0.1724
0022500250,BKN,close,neutral,94.88,104.34,23.72,0.3293
0022500250,BOS,close,neutral,95.84,118.4,23.86,0.3467
0022500252,MEM,close,neutral,100.13,100.04,25.24,0.0865
0022500252,SAS,close,neutral,97.72,113.59,24.43,0.1494
0022500254,POR,close,neutral,110.72,100.18,27.45,0.2062
0022500254,PHX,close,neutral,104.25,121.32,26.17,0.2245
0022500253,UTA,close,neutral,109.92,114.63,27.48,0.1957
0022500253,LAL,close,neutral,106.71,130.11,26.9,0.4762
0022500241,CLE,close,neutral,99.82,117.72,25.06,0.2658
0022500241,MIL,close,neutral,106.6,99.44,26.65,0.1613
0022500245,CHA,close,neutral,102.2,105.68,25.55,0.3448
0022500245,TOR,close,neutral,104.48,105.73,26.01,0.1818
0022500247,NOP,close,neutral,101.02,108.35,25.15,0.1744
0022500247,OKC,close,neutral,102.32,123.14,25.58,0.3218
0022500248,DEN,close,neutral,103.0,123.3,25.75,0.2577
0022500248,CHI,close,neutral,106.36,122.23,26.59,0.1863
0022500246,DAL,close,neutral,108.19,88.37,27.16,0.3647
0022500246,MIN,close,neutral,109.54,109.09,27.5,0.2577
0022500244,MIA,close,neutral,111.26,102.94,27.93,0.1287
0022500244,NYK,close,neutral,109.01,104.09,27.14,0.2553
0022500243,LAC,close,neutral,101.3,107.06,25.22,0.3103
0022500243,PHI,close,neutral,97.2,113.17,24.3,0.3571
0022500242,IND,close,neutral,105.24,106.87,26.2,0.5357
0022500242,DET,close,neutral,104.07,123.06,25.8,0.3409
0022500235,BKN,close,neutral,101.4,127.22,25.35,0.443
0022500235,WAS,close,neutral,100.26,105.28,25.17,0.2619
0022500234,SAC,close,neutral,103.25,106.1,25.92,0.2529
0022500234,SAS,close,neutral,99.51,123.1,24.98,0.2069
0022500233,LAC,close,neutral,97.2,121.4,24.3,0.3704
0022500233,BOS,close,neutral,96.88,125.41,24.12,0.165
0022500240,CHI,close,neutral,105.53,115.68,31.77,0.2963
0022500240,UTA,close,neutral,104.31,119.01,31.51,0.3694
0022500239,PHX,close,neutral,105.92,114.7,26.59,0.1959
0022500239,ATL,close,neutral,103.99,119.74,25.89,0.2824
0022500238,DAL,close,neutral,103.27,121.48,28.4,0.4211
0022500238,POR,close,neutral,104.73,114.58,29.02,0.2832
0022500236,HOU,close,neutral,97.23,108.57,26.94,0.29
0022500236,ORL,close,neutral,95.06,107.66,26.24,0.3736
0022500237,NOP,close,neutral,100.34,105.2,25.19,0.3494
0022500237,GSW,close,neutral,106.48,116.45,26.62,0.1809
0022500232,DEN,close,neutral,101.72,120.92,25.43,0.4578
0022500232,MIN,close,neutral,103.12,108.61,25.78,0.2614
0022500229,OKC,close,neutral,94.4,115.47,23.6,0.1124
0022500229,CHA,close,neutral,99.08,96.89,24.77,0.0729
0022500230,IND,close,neutral,106.88,103.85,26.72,0.3103
0022500230,TOR,close,neutral,109.48,117.83,27.37,0.4828
0022500228,MEM,close,neutral,107.15,92.94,26.9,0.4651
0022500228,CLE,close,neutral,105.2,103.09,26.19,0.3494
0022500231,LAL,close,neutral,95.12,124.58,23.88,0.4286
0022500231,MIL,close,neutral,95.16,99.41,23.89,0.3
0022500046,LAC,close,neutral,102.49,107.4,30.96,0.3789
0022500046,DAL,close,neutral,104.87,100.22,31.68,0.3838
0022500040,ORL,close,neutral,99.66,105.8,24.81,0.2692
0022500040,BKN,close,neutral,94.43,104.21,23.51,0.1798
0022500044,MIN,close,neutral,107.6,115.24,26.9,0.4651
0022500044,SAC,close,neutral,106.88,102.92,26.72,0.2903
0022500039,NYK,close,neutral,105.2,133.64,26.19,0.2788
0022500039,MIA,close,neutral,105.96,124.58,26.49,0.3579
0022500042,HOU,close,neutral,100.8,138.89,25.2,0.1887
0022500042,POR,close,neutral,104.88,110.6,26.22,0.3034
0022500043,MIL,close,neutral,101.53,131.63,27.92,0.2588
0022500043,CHA,close,neutral,103.42,117.79,28.44,0.2959
0022500047,GSW,close,neutral,96.52,112.46,24.23,0.2
0022500047,SAS,close,neutral,102.79,105.51,25.59,0.2235
0022500045,NOP,close,neutral,105.36,99.12,26.23,0.2022
0022500045,LAL,close,neutral,102.87,115.19,25.61,0.3095
0022500041,PHI,close,neutral,99.01,106.49,24.65,0.1667
0022500041,DET,close,neutral,99.92,114.09,24.98,0.1957
0022500225,CLE,close,neutral,100.44,112.5,25.11,0.2857
0022500225,TOR,close,neutral,97.08,129.26,24.37,0.1932
0022500226,IND,close,neutral,97.57,101.28,24.19,0.3295
0022500226,PHX,close,neutral,98.29,135.88,24.47,0.3176
0022500227,ATL,close,neutral,106.68,123.73,26.67,0.2444
0022500227,UTA,close,neutral,111.24,109.67,27.81,0.2283
0022500215,NYK,close,neutral,101.7,104.78,25.53,0.2614
0022500215,ORL,close,neutral,103.95,119.78,25.88,0.3837
0022500219,POR,close,neutral,94.48,132.3,23.62,0.2048
0022500219,NOP,close,neutral,95.64,122.85,23.81,0.2308
0022500220,GSW,close,neutral,106.51,115.91,26.96,0.4235
0022500220,SAS,close,neutral,108.49,111.07,27.01,0.1702
0022500213,MIL,close,neutral,92.34,107.85,23.18,0.1477
0022500213,CHA,close,neutral,95.88,115.77,23.97,0.314
0022500222,OKC,close,neutral,103.55,117.34,25.78,0.2614
0022500222,LAL,close,neutral,100.32,91.71,25.08,0.3636
0022500217,MIA,close,neutral,111.72,103.83,27.93,0.1383
0022500217,CLE,close,neutral,115.12,113.4,28.66,0.2981
0022500223,ATL,close,neutral,106.68,124.67,26.67,0.2588
0022500223,SAC,close,neutral,108.47,91.81,27.23,0.1957
0022500224,LAC,close,neutral,94.96,121.64,23.84,0.2262
0022500224,DEN,close,neutral,99.82,130.78,24.85,0.4167
0022500216,BOS,close,neutral,96.28,136.06,24.07,0.1212
0022500216,MEM,close,neutral,101.44,93.65,25.36,0.2737
0022500214,CHI,close,neutral,107.77,105.29,26.83,0.3256
0022500214,DET,close,neutral,104.48,119.18,26.01,0.1778
0022500218,HOU,close,neutral,96.12,140.45,24.03,0.2396
0022500218,WAS,close,neutral,101.2,111.6,25.09,0.2065
0022500221,PHX,close,neutral,105.0,116.65,26.36,0.2737
0022500221,DAL,close,neutral,104.48,109.11,26.12,0.1977
0022500208,NYK,close,neutral,110.34,120.04,27.7,0.2041
0022500208,MEM,close,neutral,111.56,107.57,27.89,0.2857
0022500209,PHI,close,neutral,92.97,109.25,23.34,0.2262
0022500209,BOS,close,neutral,97.77,102.71,24.34,0.2065
0022500210,GSW,close,neutral,100.34,101.23,25.19,0.3919
0022500210,OKC,close,neutral,105.64,119.27,26.41,0.3735
0022500211,UTA,close,neutral,107.95,140.22,27.1,0.3804
0022500211,IND,close,neutral,104.76,122.18,26.19,0.2929
0022500212,DEN,close,neutral,95.28,128.58,23.72,0.314
0022500212,SAC,close,neutral,96.12,112.36,24.03,0.2706
0022500207,BKN,close,neutral,99.66,108.91,25.02,0.3951
0022500207,TOR,close,neutral,96.2,122.68,24.25,0.2747
0022500198,LAL,close,neutral,97.8,123.72,24.45,0.2222
0022500198,CHA,close,neutral,93.29,118.49,23.42,0.3099
0022500204,NOP,close,neutral,98.44,99.55,24.61,0.3133
0022500204,PHX,close,neutral,99.64,121.44,24.91,0.3974
0022500202,SAS,close,neutral,103.88,116.48,25.97,0.314
0022500202,CHI,close,neutral,104.56,112.37,26.03,0.2473
0022500201,MIA,close,neutral,107.31,118.6,29.51,0.4184
0022500201,CLE,close,neutral,101.85,122.25,28.22,0.225
0022500199,DET,close,neutral,105.31,117.37,29.18,0.3333
0022500199,WAS,close,neutral,104.95,116.94,28.86,0.2737
0022500203,MIL,close,neutral,107.0,108.41,26.75,0.2747
0022500203,DAL,close,neutral,105.48,108.53,26.26,0.4607
0022500205,UTA,close,neutral,104.56,108.07,26.14,0.2526
0022500205,MIN,close,neutral,103.89,115.03,26.08,0.3146
0022500200,POR,close,neutral,98.03,113.77,24.61,0.2889
0022500200,ORL,close,neutral,103.96,110.62,25.99,0.3908
0022500206,ATL,close,neutral,97.21,108.47,24.2,0.2381
0022500206,LAC,close,neutral,93.0,109.68,23.25,0.3049
0022500192,BKN,close,neutral,96.96,101.49,24.14,0.2927
0022500192,NYK,close,neutral,99.86,134.75,24.86,0.2921
0022500191,HOU,close,neutral,96.64,126.77,24.06,0.2333
0022500191,MIL,close,neutral,95.16,120.34,23.89,0.3038
0022500197,SAC,close,neutral,107.19,108.7,26.91,0.3444
0022500197,MIN,close,neutral,108.56,132.65,27.14,0.2474
0022500196,GSW,close,neutral,103.28,110.38,25.82,0.4205
0022500196,IND,close,neutral,104.84,79.17,26.21,0.117
0022500193,ORL,close,neutral,97.08,110.22,24.27,0.4103
0022500193,BOS,close,neutral,96.6,114.43,24.25,0.2941
0022500194,MEM,close,neutral,101.5,98.12,25.48,0.1978
0022500194,OKC,close,neutral,103.87,110.21,25.86,0.2737
0022500195,PHI,close,neutral,102.89,104.53,25.83,0.3333
0022500195,DET,close,neutral,100.32,110.65,25.08,0.3415
0022500189,IND,close,neutral,103.96,96.19,25.99,0.3656
0022500189,DEN,close,neutral,103.69,112.37,26.03,0.2473
0022500183,WAS,close,neutral,105.12,99.89,26.28,0.2584
0022500183,DAL,close,neutral,102.35,107.56,25.8,0.3226
0022500188,NOP,close,neutral,101.06,117.26,25.37,0.1809
0022500188,SAS,close,neutral,99.51,126.1,24.98,0.2
0022500185,ATL,close,neutral,101.84,119.8,25.46,0.1183
0022500185,LAL,close,neutral,96.2,106.47,23.95,0.2469
0022500187,POR,close,neutral,117.12,111.85,29.28,0.211
0022500187,MIA,close,neutral,114.32,119.47,28.46,0.375
0022500190,PHX,close,neutral,90.49,124.95,22.81,0.253
0022500190,LAC,close,neutral,90.92,113.29,22.73,0.2338
0022500184,PHI,close,neutral,105.88,122.27,26.58,0.2917
0022500184,TOR,close,neutral,102.32,117.28,25.58,0.3111
0022500186,CHI,close,neutral,102.41,118.63,25.71,0.4286
0022500186,CLE,close,neutral,104.01,122.56,26.11,0.2766
0022500030,ATL,close,neutral,101.7,94.99,25.53,0.2396
0022500030,TOR,close,neutral,101.0,107.92,25.25,0.2747
0022500032,HOU,close,neutral,99.82,109.74,25.06,0.2471
0022500032,SAS,close,neutral,103.43,117.48,25.75,0.2874
0022500029,WAS,close,neutral,105.12,109.4,26.28,0.2527
0022500029,CLE,close,neutral,108.64,136.23,27.16,0.2818
0022500038,SAC,close,neutral,105.16,95.64,26.4,0.163
0022500038,OKC,close,neutral,105.0,126.24,26.14,0.2637
0022500031,DET,close,neutral,100.2,124.75,25.05,0.3529
0022500031,BKN,close,neutral,102.44,104.45,25.61,0.325
0022500028,BOS,close,neutral,104.04,105.73,26.01,0.1684
0022500028,ORL,close,neutral,99.64,123.44,24.91,0.378
0022500034,MEM,close,neutral,103.75,114.21,25.83,0.3294
0022500034,DAL,close,neutral,102.47,101.92,25.51,0.186
0022500036,MIN,close,neutral,106.99,126.99,26.97,0.3068
0022500036,UTA,close,neutral,106.0,91.51,26.5,0.266
0022500033,MIA,close,neutral,107.61,117.58,26.79,0.1414
0022500033,CHA,close,neutral,107.88,100.11,26.97,0.2784
0022500035,CHI,close,neutral,103.04,106.75,25.76,0.1778
0022500035,MIL,close,neutral,107.47,116.75,26.98,0.1748
0022500037,DEN,close,neutral,93.61,137.23,23.5,0.3049
0022500037,GSW,close,neutral,96.2,107.66,24.15,0.1579
0022500182,PHX,close,neutral,100.78,114.59,25.09,0.2065
0022500182,LAC,close,neutral,95.8,106.03,24.05,0.3797
0022500178,MIA,close,neutral,105.56,105.66,26.5,0.2907
0022500178,DEN,close,neutral,107.87,112.63,27.08,0.2772
0022500174,BOS,close,neutral,96.84,139.86,24.31,0.2211
0022500174,WAS,close,neutral,99.88,107.13,24.97,0.3375
0022500179,LAL,close,neutral,101.51,115.28,25.59,0.5301
0022500179,SAS,close,neutral,102.17,113.06,25.65,0.5405
0022500177,NOP,close,neutral,97.04,104.08,24.26,0.1758
0022500177,DAL,close,neutral,102.8,96.3,25.7,0.2247
0022500176,HOU,close,neutral,106.48,115.97,26.73,0.1782
0022500176,MEM,close,neutral,106.4,102.44,26.6,0.3933
0022500171,CLE,close,neutral,103.05,127.56,25.87,0.1848
0022500171,PHI,close,neutral,107.09,113.94,26.55,0.3333
0022500173,IND,close,neutral,105.16,98.36,26.18,0.1313
0022500173,BKN,close,neutral,103.83,108.32,25.85,0.407
0022500172,DET,close,neutral,101.1,113.23,25.17,0.2418
0022500172,UTA,close,neutral,102.76,100.23,25.69,0.3372
0022500181,GSW,close,neutral,106.68,108.29,26.78,0.2584
0022500181,SAC,close,neutral,105.96,114.67,26.38,0.3976
0022500180,OKC,close,neutral,105.64,112.65,26.41,0.3407
0022500180,POR,close,neutral,105.64,114.06,26.52,0.3636
0022500175,MIN,close,neutral,98.89,115.76,24.62,0.2048
0022500175,NYK,close,neutral,99.37,138.44,24.74,0.0882
0022500170,LAC,close,neutral,100.05,106.07,25.22,0.3375
0022500170,OKC,close,neutral,96.87,128.99,24.42,0.2558
0022500167,CHI,close,neutral,103.8,108.86,25.95,0.2247
0022500167,PHI,close,neutral,108.11,102.25,27.14,0.2553
0022500165,TOR,close,neutral,102.33,124.56,25.69,0.3187
0022500165,MIL,close,neutral,97.83,101.79,24.56,0.2442
0022500166,ATL,close,neutral,102.48,123.93,25.62,0.5833
0022500166,ORL,close,neutral,100.52,111.42,25.13,0.3976
0022500169,GSW,close,neutral,98.8,119.43,24.7,0.241
0022500169,PHX,close,neutral,99.45,108.04,24.76,0.1758
0022500168,NOP,close,neutral,97.36,119.15,24.34,0.2111
0022500168,CHA,close,neutral,98.73,113.91,24.58,0.3415
0022500156,BKN,close,neutral,98.49,109.31,24.93,0.427
0022500156,MIN,close,neutral,95.8,131.03,23.85,0.4487
0022500164,MIA,close,neutral,103.13,115.87,25.89,0.2892
0022500164,LAC,close,neutral,105.36,112.95,26.34,0.2159
0022500157,IND,close,neutral,103.29,110.88,25.93,0.4222
0022500157,MIL,close,neutral,106.68,109.67,26.67,0.25
0022500162,SAC,close,neutral,108.0,114.81,27.0,0.2778
0022500162,DEN,close,neutral,107.01,122.0,26.64,0.2474
0022500158,BOS,close,neutral,98.68,104.38,24.67,0.2472
0022500158,UTA,close,neutral,98.0,107.14,24.5,0.2976
0022500160,DAL,close,neutral,102.37,99.22,25.7,0.2247
0022500160,HOU,close,neutral,103.77,105.57,26.05,0.3371
0022500163,POR,close,neutral,100.36,113.64,25.3,0.3529
0022500163,LAL,close,neutral,101.04,121.73,25.26,0.1882
0022500161,DET,close,neutral,97.76,116.61,24.44,0.3494
0022500161,MEM,close,neutral,99.59,106.0,25.0,0.2874
0022500159,WAS,close,neutral,103.22,99.65,25.59,0.2346
0022500159,NYK,close,neutral,103.23,115.76,25.7,0.2128
0022500155,MIA,close,neutral,105.4,113.38,26.46,0.4286
0022500155,LAL,close,neutral,107.67,120.24,27.03,0.2421
0022500148,OKC,close,neutral,98.44,139.17,24.61,0.3095
0022500148,NOP,close,neutral,98.08,108.08,24.52,0.4
0022500150,UTA,close,neutral,100.76,102.22,25.19,0.3295
0022500150,CHA,close,neutral,103.11,122.71,25.67,0.25
0022500154,SAS,close,neutral,105.68,111.19,26.53,0.2347
0022500154,PHX,close,neutral,104.11,125.39,25.92,0.2785
0022500153,CHI,close,neutral,100.26,116.19,24.96,0.1183
0022500153,NYK,close,neutral,101.26,125.89,25.42,0.2316
0022500149,PHI,close,neutral,106.93,121.15,26.62,0.1771
0022500149,BKN,close,neutral,107.89,97.73,26.86,0.2857
0022500151,ATL,close,neutral,106.4,102.44,26.6,0.4545
0022500151,CLE,close,neutral,107.47,108.41,26.98,0.1856
0022500152,TOR,close,neutral,97.8,119.63,24.45,0.2247
0022500152,MEM,close,neutral,96.61,108.56,23.95,0.2299
0022500142,SAC,close,neutral,102.6,131.58,25.65,0.4598
0022500142,MIL,close,neutral,97.64,136.21,24.41,0.378
0022500145,ORL,close,neutral,108.23,115.02,27.17,0.2391
0022500145,WAS,close,neutral,110.6,84.99,27.65,0.1531
0022500143,CHA,close,neutral,101.88,103.06,25.47,0.314
0022500143,MIN,close,neutral,99.16,123.03,24.79,0.1609
0022500144,GSW,close,neutral,106.12,103.14,26.42,0.2444
0022500144,IND,close,neutral,102.32,111.42,25.58,0.3146
0022500146,HOU,close,neutral,97.99,130.08,24.6,0.4545
0022500146,BOS,close,neutral,102.08,98.94,25.52,0.068
0022500147,DET,close,neutral,99.37,123.28,24.74,0.3736
0022500147,DAL,close,neutral,101.22,108.23,25.41,0.3875
0022500026,POR,close,neutral,101.49,108.31,25.16,0.3407
0022500026,DEN,close,neutral,98.64,108.48,24.66,0.3924
0022500024,LAL,close,neutral,98.52,118.76,24.63,0.4342
0022500024,MEM,close,neutral,99.78,112.72,24.84,0.2043
0022500025,UTA,close,neutral,102.65,93.13,25.77,0.4
0022500025,PHX,close,neutral,100.34,118.09,24.98,0.1978
0022500021,PHI,close,neutral,99.76,108.26,24.94,0.3718
0022500021,BOS,close,neutral,99.28,109.79,24.82,0.1188
0022500020,ATL,close,neutral,101.22,126.98,25.2,0.2128
0022500020,IND,close,neutral,107.07,100.45,26.88,0.3333
0022500023,CHI,close,neutral,100.82,134.46,25.1,0.4167
0022500023,NYK,close,neutral,101.12,123.62,25.28,0.2527
0022500022,TOR,close,neutral,98.56,113.64,24.64,0.2927
0022500022,CLE,close,neutral,98.12,102.94,24.53,0.2556
0022500027,LAC,close,neutral,100.24,125.7,25.06,0.236
0022500027,NOP,close,neutral,98.35,125.56,24.69,0.3494
0022500141,SAS,close,neutral,98.12,109.05,24.53,0.2674
0022500141,MIA,close,neutral,104.27,97.27,25.96,0.1222
0022500138,ORL,close,neutral,96.12,127.97,24.03,0.2644
0022500138,CHA,close,neutral,98.6,108.52,24.65,0.1807
0022500140,WAS,close,neutral,100.64,106.42,25.37,0.2024
0022500140,OKC,close,neutral,102.32,124.12,25.58,0.2857
0022500139,GSW,close,neutral,106.0,103.34,26.61,0.3059
0022500139,MIL,close,neutral,107.17,112.44,26.68,0.1354
0022500136,MIN,close,neutral,101.1,114.22,25.17,0.2683
0022500136,LAL,close,neutral,100.1,116.37,24.92,0.2651
0022500130,ATL,close,neutral,97.68,119.78,24.42,0.2366
0022500130,BKN,close,neutral,100.88,111.02,25.22,0.3068
0022500135,POR,close,neutral,109.88,123.77,27.47,0.2812
0022500135,UTA,close,neutral,110.1,121.2,27.64,0.5833
0022500129,DET,close,neutral,106.96,126.22,26.74,0.3656
0022500129,ORL,close,neutral,100.76,114.17,25.4,0.4819
0022500131,TOR,close,neutral,99.36,121.78,24.84,0.2235
0022500131,HOU,close,neutral,99.96,139.06,24.99,0.3908
0022500132,SAC,close,neutral,98.03,114.79,24.61,0.3171
0022500132,CHI,close,neutral,101.5,123.63,25.48,0.1978
0022500133,DAL,close,neutral,107.28,99.74,26.82,0.4684
0022500133,IND,close,neutral,110.86,94.32,27.83,0.2642
0022500137,MEM,close,neutral,106.28,106.82,26.68,0.1398
0022500137,PHX,close,neutral,105.48,107.13,26.37,0.1977
0022500128,BOS,close,neutral,96.56,129.45,24.14,0.2526
0022500128,CLE,close,neutral,100.14,104.42,25.14,0.2759
0022500134,DEN,close,neutral,96.76,125.57,24.29,0.1556
0022500134,NOP,close,neutral,97.76,90.02,24.44,0.3412
0022500127,GSW,close,neutral,90.38,107.98,22.69,0.0465
0022500127,LAC,close,neutral,88.67,88.72,22.26,0.1951
0022500123,WAS,close,neutral,106.68,113.33,29.56,0.1963
0022500123,PHI,close,neutral,101.31,123.8,28.07,0.37
0022500126,SAC,close,neutral,102.24,98.79,25.56,0.2471
0022500126,OKC,close,neutral,100.56,105.52,25.35,0.1087
0022500124,MIA,close,neutral,107.78,132.5,27.17,0.2292
0022500124,CHA,close,neutral,108.57,108.21,27.03,0.2556
0022500125,NYK,close,neutral,98.12,113.13,24.53,0.25
0022500125,MIL,close,neutral,98.56,122.77,24.64,0.3038
0022500008,MIN,close,neutral,104.76,108.82,26.19,0.3412
0022500008,DEN,close,neutral,102.28,125.74,25.25,0.2841
0022500119,OKC,close,neutral,100.14,101.28,24.93,0.1444
0022500119,DAL,close,neutral,99.09,95.26,24.67,0.2529
0022500114,ORL,close,neutral,98.72,125.61,24.68,0.4634
0022500114,PHI,close,neutral,103.08,131.94,25.77,0.3299
0022500118,SAS,close,neutral,96.24,126.25,23.96,0.5373
0022500118,TOR,close,neutral,103.12,99.88,25.78,0.2911
0022500007,CLE,close,neutral,107.4,108.01,26.85,0.4118
0022500007,DET,close,neutral,107.88,88.06,26.97,0.3103
0022500121,MEM,close,neutral,107.21,110.99,26.58,0.3182
0022500121,GSW,close,neutral,105.64,124.52,26.3,0.3614
0022500122,POR,close,neutral,109.51,112.34,27.15,0.1456
0022500122,LAL,close,neutral,108.44,99.59,27.11,0.3023
0022500115,CHI,close,neutral,102.81,123.98,25.81,0.2283
0022500115,ATL,close,neutral,104.37,117.37,26.2,0.2041
0022500120,UTA,close,neutral,102.71,121.22,28.46,0.3333
0022500120,PHX,close,neutral,105.13,115.88,28.91,0.2925
0022500117,NOP,close,neutral,98.32,91.54,24.58,0.3333
0022500117,BOS,close,neutral,97.0,126.29,24.15,0.1579
0022500116,HOU,close,neutral,96.44,142.06,24.11,0.3059
0022500116,BKN,close,neutral,91.3,119.89,22.73,0.2093
0022500113,LAL,close,neutral,106.8,118.43,26.81,0.575
0022500113,SAC,close,neutral,110.92,108.19,27.73,0.1782
0022500107,CLE,close,neutral,108.85,108.86,27.1,0.4023
0022500107,MIL,close,neutral,99.74,113.77,24.83,0.3544
0022500112,POR,close,neutral,105.4,101.94,26.24,0.3696
0022500112,LAC,close,neutral,101.18,112.2,25.4,0.1875
0022500106,BOS,close,neutral,105.44,108.07,26.14,0.2553
0022500106,DET,close,neutral,106.28,112.43,26.46,0.3871
0022500108,MIA,close,neutral,103.21,110.96,25.91,0.3735
0022500108,NYK,close,neutral,105.8,100.72,26.56,0.2143
0022500109,WAS,close,neutral,110.0,102.73,27.5,0.2747
0022500109,CHA,close,neutral,108.29,128.89,26.96,0.3913
0022500111,TOR,close,neutral,110.56,116.68,27.64,0.24
0022500111,DAL,close,neutral,109.7,126.18,27.54,0.4588
0022500105,BKN,close,neutral,97.56,109.68,24.39,0.2759
0022500105,SAS,close,neutral,95.24,124.42,23.71,0.4615
0022500110,IND,close,neutral,102.88,106.92,25.72,0.2967
0022500110,MIN,close,neutral,101.28,112.56,25.32,0.4405
0022500103,MEM,close,neutral,104.64,121.81,26.27,0.3299
0022500103,IND,close,neutral,100.7,101.86,25.28,0.2584
0022500101,OKC,close,neutral,97.95,118.95,24.59,0.2043
0022500101,ATL,close,neutral,94.84,105.0,23.81,0.2471
0022500104,DEN,close,neutral,107.03,123.74,26.87,0.5
0022500104,PHX,close,neutral,104.25,106.04,26.17,0.25
0022500100,ORL,close,neutral,106.52,92.0,26.63,0.3793
0022500100,CHI,close,neutral,104.76,105.0,26.19,0.3494
0022500102,PHI,close,neutral,105.08,118.96,26.27,0.3678
0022500102,CHA,close,neutral,104.32,115.99,26.08,0.3146
0022500090,ATL,close,neutral,103.46,106.4,26.08,0.3294
0022500090,ORL,close,neutral,104.28,102.61,26.07,0.4744
0022500019,LAL,close,neutral,92.69,137.52,23.27,0.4211
0022500019,MIN,close,neutral,94.63,116.72,23.56,0.2386
0022500099,LAC,close,neutral,94.44,136.59,23.61,0.3421
0022500099,PHX,close,neutral,99.19,102.41,24.9,0.1667
0022500096,DAL,close,neutral,112.82,95.64,27.97,0.3068
0022500096,WAS,close,neutral,108.21,108.57,26.94,0.3222
0022500018,NYK,close,neutral,91.0,115.38,22.75,0.2907
0022500018,BOS,close,neutral,95.6,99.37,23.9,0.1829
0022500094,MEM,close,neutral,115.32,98.86,28.83,0.2947
0022500094,MIA,close,neutral,112.74,128.43,28.42,0.2157
0022500093,HOU,close,neutral,100.54,110.87,25.03,0.5783
0022500093,DET,close,neutral,102.55,112.61,25.53,0.2556
0022500092,MIL,close,neutral,104.56,116.19,26.25,0.2778
0022500092,TOR,close,neutral,103.78,110.39,26.27,0.3765
0022500091,BKN,close,neutral,108.99,114.73,27.02,0.0729
0022500091,CLE,close,neutral,105.84,124.29,26.35,0.4268
0022500098,UTA,close,neutral,101.9,102.48,25.37,0.1977
0022500098,SAC,close,neutral,97.6,107.58,24.4,0.1807
0022500097,GSW,close,neutral,109.7,108.02,27.54,0.4875
0022500097,POR,close,neutral,111.54,124.11,28.0,0.2688
0022500095,SAS,close,neutral,97.67,111.69,26.86,0.2653
0022500095,NOP,close,neutral,96.69,108.65,26.69,0.299
0022500006,GSW,close,neutral,97.81,126.85,27.0,0.2525
0022500006,DEN,close,neutral,97.05,122.25,26.79,0.1474
0022500005,IND,close,neutral,103.94,107.48,31.4,0.381
0022500005,OKC,close,neutral,101.68,115.16,30.61,0.5368
0022500088,SAC,close,neutral,108.12,107.29,27.03,0.2447
0022500088,PHX,close,neutral,104.32,115.03,26.08,0.2947
0022500083,PHI,close,neutral,102.2,114.48,25.55,0.3529
0022500083,BOS,close,neutral,103.87,112.14,25.86,0.2857
0022500082,TOR,close,neutral,114.76,120.25,28.69,0.3053
0022500082,ATL,close,neutral,112.81,104.17,28.32,0.4111
0022500089,POR,close,neutral,112.93,100.53,28.35,0.3889
0022500089,MIN,close,neutral,106.0,111.78,26.39,0.2791
0022500080,CHA,close,neutral,106.08,127.68,26.63,0.3667
0022500080,BKN,close,neutral,108.41,108.37,26.99,0.3864
0022500004,SAS,close,neutral,101.9,122.17,25.58,0.3218
0022500004,DAL,close,neutral,101.44,90.69,25.36,0.3133
0022500086,MIL,close,neutral,108.36,122.74,27.09,0.1939
0022500086,WAS,close,neutral,105.92,112.82,26.59,0.1939
0022500085,NOP,close,neutral,108.64,112.3,27.16,0.3163
0022500085,MEM,close,neutral,109.92,116.45,27.48,0.5375
0022500003,NYK,close,neutral,105.4,112.43,26.46,0.4186
0022500003,CLE,close,neutral,105.36,105.79,26.23,0.2093
0022500084,DET,close,neutral,105.88,105.27,26.36,0.268
0022500084,CHI,close,neutral,105.2,108.41,26.52,0.3678
0022500087,LAC,close,neutral,97.24,111.07,24.31,0.2386
0022500087,UTA,close,neutral,94.8,136.08,23.7,0.2299
0022500081,MIA,close,neutral,109.88,110.12,27.47,0.2967
0022500081,ORL,close,neutral,110.48,112.21,27.85,0.3889
0022500001,HOU,close,neutral,95.87,106.31,29.16,0.3196
0022500001,OKC,close,neutral,95.17,108.7,28.75,0.2404
